id;name;gendre;synopsis;movie_format;movie_length;poster;poster_content_type
1;Account Operaciones;calculating deposit codificar;Azerbayán;extranet;Zimbabwe repurpose;../fake-data/blob/hipster.png;image/png
2;usuario calculate;segura Account;virtual GB Pescado;Loan;solid Costa;../fake-data/blob/hipster.png;image/png
3;Negro Música;Enfocado connecting;Hormigon International Personal;GB usuario;sticky alto Represen;../fake-data/blob/hipster.png;image/png
4;Apartamento International card;revolutionize;didactica Madera Asimilado;Galicia Gu;canal revolutionary;../fake-data/blob/hipster.png;image/png
5;Arquitecto Sección;Algodón compelling infraestructura;dinámica monetize Ladrillo;generación;interactive infomedi;../fake-data/blob/hipster.png;image/png
6;migración hack Plástico;solid connecting;Configurable e-business index;exploit;Berkshire;../fake-data/blob/hipster.png;image/png
7;Fantástico bandwidth Zapatos;Azerbaijanian capa RSS;Letonia enhance PCI;facilitate;exploit;../fake-data/blob/hipster.png;image/png
8;overriding;blockchains;Pollo;Senda Barr;Sabroso Cambridgeshi;../fake-data/blob/hipster.png;image/png
9;back-end New;Groenlandia;array Librería;parsing He;Exclusivo ubiquitous;../fake-data/blob/hipster.png;image/png
10;auxiliary Acero;móbil B2C;Interno;Pantalones;Humano;../fake-data/blob/hipster.png;image/png
